id;uid;code;name;created;last_updated;start_date;end_date;active;displayed;project_id
1;drive reboo;navigate solid;reboot;2021-10-31T14:06:39;2021-10-31T01:03:40;2021-10-31;2021-10-31;false;true;1
2;blue maximi;withdrawal PCI full-range;Kiribati matrix;2021-10-31T21:10:19;2021-10-31T02:58:26;2021-10-31;2021-10-31;false;false;2
3;pink;Solutions;Crescent Avon revolutionary;2021-10-31T18:18:59;2021-10-31T17:13:28;2021-10-31;2021-10-31;true;false;3
4;Unbranded F;payment;Iran;2021-10-31T18:37:23;2021-10-31T17:01:37;2021-10-31;2021-10-31;false;true;4
5;web;blue holistic concept;Wisconsin;2021-10-31T17:47:07;2021-10-31T21:54:07;2021-10-31;2021-10-31;true;true;5
6;firewall Cr;convergence;override;2021-10-31T03:14:41;2021-10-30T23:58:12;2021-10-31;2021-10-31;false;false;6
7;niches mage;Unbranded Account Unbranded;gold Market Games;2021-10-31T05:07:18;2021-10-31T01:20:18;2021-10-31;2021-10-31;true;false;7
8;withdrawal ;Well Producer;Optimization Granite Village;2021-10-31T17:21:03;2021-10-31T15:44:12;2021-10-31;2021-10-31;true;false;8
9;administrat;transmitting;HTTP;2021-10-31T05:18:28;2021-10-31T07:52:32;2021-10-31;2021-10-31;false;true;9
10;Executive F;open-source Pound;efficient Cambridgeshire innovate;2021-10-31T04:10:08;2021-10-31T21:48:20;2021-10-31;2021-10-31;true;true;10
