id;uid;code;name;created;last_updated;url;external;content_type;attachment
1;invoice Tan;Fantastic National;Gourde hacking;2021-11-27T01:28:02;2021-11-27T11:32:52;https://otto.net;true;Maine Chicken;true
2;Investor;hacking Intelligent hack;program fault-tolerant;2021-11-27T20:09:37;2021-11-27T07:59:33;https://salvador.biz;false;orchid;true
3;Cambridgesh;sensor Account;Money copy;2021-11-27T21:30:08;2021-11-27T22:25:22;https://alexie.info;false;bi-directional;true
4;Games;Forward Borders;payment orchid;2021-11-27T20:45:34;2021-11-27T07:38:19;https://frida.net;false;turquoise scalable Beauty;false
5;Health Geor;Account Tactics;Checking dynamic;2021-11-27T11:04:50;2021-11-27T09:42:43;http://gabe.name;false;Buckinghamshire;false
6;stable depo;Berkshire Cameroon;composite Fantastic;2021-11-27T09:16:20;2021-11-27T18:14:30;https://devin.name;false;Senior pink Shirt;false
7;Diverse up;Georgia Accounts XSS;Arkansas;2021-11-27T16:35:38;2021-11-27T16:57:10;http://luigi.biz;false;Investor Inverse redefine;false
8;compress;Forward toolset;Music;2021-11-27T18:46:05;2021-11-27T23:55:33;http://eudora.name;false;optimizing Cambridgeshire;false
9;Books;payment turquoise;architect;2021-11-27T04:20:54;2021-11-27T05:57:36;http://beth.biz;true;Accountability scale;false
10;incentivize;Fish Borders matrix;orange red alarm;2021-11-27T15:42:33;2021-11-27T08:00:20;http://toni.org;false;Creative generation Right-sized;false
