id;uid;code;name;created;last_updated;uuid;gender;mobile;last_login;login;self_registered;disabled
1;Alaska;utilize;Togo architectures;2021-10-31T01:37:01;2021-10-31T23:15:36;616b4151-5b64-4013-8a57-afc0c14f1ade;FEMALE;Wyoming connect Metal;2021-10-31T01:14:37;model;true;true
2;Towels Saus;override help-desk;Account SMTP user;2021-10-31T21:30:58;2021-10-31T01:31:43;70984826-3e30-4ac1-8e98-843cb57e7bff;FEMALE;withdrawal;2021-10-31T08:22:29;Fish Buckinghamshire;false;true
3;Associate;Aruban Communications;Gorgeous;2021-10-31T13:26:46;2021-10-31T23:32:18;73bdc33d-2723-4d00-b321-b18de320d468;MALE;Games;2021-10-31T18:24:43;Tactics Bahamas;true;false
4;customized;hacking;Tasty;2021-10-31T04:49:15;2021-10-31T11:27:08;4e707d65-9e5b-4b87-b4f1-e78d82223686;FEMALE;Data platforms;2021-10-31T14:28:12;navigating Buckinghamshire software;true;true
5;Ergonomic S;Bedfordshire navigate;Cotton;2021-10-31T01:02:11;2021-10-31T06:45:39;0439797f-6cc0-436b-9af5-5b5fa8877102;FEMALE;Portugal;2021-10-31T11:54:47;navigating;false;false
6;microchip;Dong Response;input;2021-10-31T16:47:43;2021-10-31T17:19:33;170b3000-4eb3-4535-96fc-8ec68f9aaf28;FEMALE;Concrete unleash;2021-10-31T06:32:06;neural;true;false
7;Plastic Woo;Buckinghamshire Account;GB Account;2021-10-31T06:58:15;2021-10-31T00:37:15;d5d70e9f-0222-4854-84bc-f6ef031088d8;MALE;Small Shoes supply-chains;2021-10-31T04:20:59;Optimization;false;true
8;withdrawal ;Industrial Robust;Refined payment;2021-10-31T04:44:25;2021-10-31T14:30:13;d35f3843-4d44-48d4-915e-19613696fd52;FEMALE;synthesizing Clothing;2021-10-31T00:28:15;Bedfordshire revolutionary Tactics;true;false
9;transmitter;Handcrafted;mindshare synergy;2021-10-31T11:17:39;2021-10-31T15:56:39;04dfc3fa-6258-4c30-ac05-63f38970e497;FEMALE;unleash;2021-10-31T22:06:19;bottom-line;true;false
10;index invoi;Eritrea;functionalities Cotton deposit;2021-10-31T16:46:33;2021-10-31T05:58:44;b69ace94-ad4c-4216-a507-6991e6694625;FEMALE;Nevada Global transmitting;2021-10-31T13:21:36;innovative;false;false
